[{"model": "admin.logentry", "pk": 1, "fields": {"action_time": "2025-02-12T06:18:59.078Z", "user": 2, "content_type": 7, "object_id": "7", "object_repr": "Task object (7)", "action_flag": 1, "change_message": "[{\"added\": {}}]"}}, {"model": "admin.logentry", "pk": 2, "fields": {"action_time": "2025-02-12T06:19:51.589Z", "user": 2, "content_type": 7, "object_id": "7", "object_repr": "Task object (7)", "action_flag": 2, "change_message": "[{\"changed\": {\"fields\": [\"Status\"]}}]"}}, {"model": "admin.logentry", "pk": 3, "fields": {"action_time": "2025-02-12T06:24:45.246Z", "user": 2, "content_type": 7, "object_id": "7", "object_repr": "Task object (7)", "action_flag": 2, "change_message": "[]"}}, {"model": "admin.logentry", "pk": 36, "fields": {"action_time": "2025-02-12T12:51:49.453Z", "user": 2, "content_type": 3, "object_id": "1", "object_repr": "Creator", "action_flag": 1, "change_message": "[{\"added\": {}}]"}}, {"model": "admin.logentry", "pk": 37, "fields": {"action_time": "2025-02-12T14:05:09.042Z", "user": 2, "content_type": 3, "object_id": "1", "object_repr": "Creator", "action_flag": 3, "change_message": ""}}, {"model": "admin.logentry", "pk": 38, "fields": {"action_time": "2025-02-12T14:15:43.919Z", "user": 2, "content_type": 3, "object_id": "6", "object_repr": "Admin", "action_flag": 2, "change_message": "[]"}}, {"model": "admin.logentry", "pk": 39, "fields": {"action_time": "2025-02-12T14:16:11.595Z", "user": 2, "content_type": 4, "object_id": "2", "object_repr": "siddhesh", "action_flag": 2, "change_message": "[{\"changed\": {\"fields\": [\"Groups\"]}}]"}}, {"model": "admin.logentry", "pk": 40, "fields": {"action_time": "2025-02-12T14:16:37.120Z", "user": 2, "content_type": 4, "object_id": "1", "object_repr": "developer", "action_flag": 2, "change_message": "[{\"changed\": {\"fields\": [\"Groups\"]}}]"}}, {"model": "admin.logentry", "pk": 41, "fields": {"action_time": "2025-02-12T15:20:53.735Z", "user": 2, "content_type": 7, "object_id": "3", "object_repr": "Task object (3)", "action_flag": 2, "change_message": "[{\"changed\": {\"fields\": [\"Status\", \"Owner\"]}}]"}}, {"model": "admin.logentry", "pk": 42, "fields": {"action_time": "2025-02-13T02:14:19.491Z", "user": 2, "content_type": 7, "object_id": "3", "object_repr": "Task object (3)", "action_flag": 2, "change_message": "[]"}}, {"model": "admin.logentry", "pk": 43, "fields": {"action_time": "2025-02-13T03:15:14.229Z", "user": 2, "content_type": 7, "object_id": "1", "object_repr": "Task object (1)", "action_flag": 2, "change_message": "[{\"changed\": {\"fields\": [\"Creator\", \"Owner\"]}}]"}}, {"model": "admin.logentry", "pk": 44, "fields": {"action_time": "2025-02-13T03:15:40.016Z", "user": 2, "content_type": 7, "object_id": "1", "object_repr": "Task object (1)", "action_flag": 2, "change_message": "[{\"changed\": {\"fields\": [\"Status\"]}}]"}}, {"model": "admin.logentry", "pk": 45, "fields": {"action_time": "2025-02-13T03:15:54.345Z", "user": 2, "content_type": 7, "object_id": "7", "object_repr": "Task object (7)", "action_flag": 2, "change_message": "[{\"changed\": {\"fields\": [\"Status\"]}}]"}}, {"model": "admin.logentry", "pk": 46, "fields": {"action_time": "2025-02-13T03:16:58.059Z", "user": 2, "content_type": 7, "object_id": "7", "object_repr": "Task object (7)", "action_flag": 2, "change_message": "[]"}}, {"model": "admin.logentry", "pk": 47, "fields": {"action_time": "2025-02-13T03:28:40.023Z", "user": 2, "content_type": 7, "object_id": "8", "object_repr": "Task object (8)", "action_flag": 1, "change_message": "[{\"added\": {}}]"}}, {"model": "admin.logentry", "pk": 48, "fields": {"action_time": "2025-02-13T03:28:54.716Z", "user": 2, "content_type": 7, "object_id": "8", "object_repr": "Task object (8)", "action_flag": 2, "change_message": "[]"}}, {"model": "admin.logentry", "pk": 49, "fields": {"action_time": "2025-02-13T03:29:14.932Z", "user": 2, "content_type": 7, "object_id": "7", "object_repr": "Task object (7)", "action_flag": 2, "change_message": "[{\"changed\": {\"fields\": [\"Owner\"]}}]"}}, {"model": "admin.logentry", "pk": 50, "fields": {"action_time": "2025-02-13T03:37:35.951Z", "user": 2, "content_type": 4, "object_id": "3", "object_repr": "user1", "action_flag": 1, "change_message": "[{\"added\": {}}]"}}, {"model": "admin.logentry", "pk": 51, "fields": {"action_time": "2025-02-13T03:37:50.704Z", "user": 2, "content_type": 4, "object_id": "3", "object_repr": "user1", "action_flag": 2, "change_message": "[{\"changed\": {\"fields\": [\"Groups\"]}}]"}}, {"model": "admin.logentry", "pk": 52, "fields": {"action_time": "2025-02-13T03:38:24.482Z", "user": 2, "content_type": 7, "object_id": "7", "object_repr": "Task object (7)", "action_flag": 2, "change_message": "[{\"changed\": {\"fields\": [\"Status\", \"Owner\"]}}]"}}, {"model": "admin.logentry", "pk": 53, "fields": {"action_time": "2025-02-13T03:38:40.734Z", "user": 2, "content_type": 7, "object_id": "6", "object_repr": "Task object (6)", "action_flag": 2, "change_message": "[{\"changed\": {\"fields\": [\"Owner\"]}}]"}}, {"model": "admin.logentry", "pk": 54, "fields": {"action_time": "2025-02-13T13:28:27.427Z", "user": 2, "content_type": 9, "object_id": "1", "object_repr": "Epic object (1)", "action_flag": 1, "change_message": "[{\"added\": {}}]"}}, {"model": "admin.logentry", "pk": 55, "fields": {"action_time": "2025-02-13T13:29:10.551Z", "user": 2, "content_type": 9, "object_id": "2", "object_repr": "Epic object (2)", "action_flag": 1, "change_message": "[{\"added\": {}}]"}}, {"model": "admin.logentry", "pk": 56, "fields": {"action_time": "2025-02-13T13:29:42.458Z", "user": 2, "content_type": 9, "object_id": "3", "object_repr": "Epic object (3)", "action_flag": 1, "change_message": "[{\"added\": {}}]"}}, {"model": "admin.logentry", "pk": 57, "fields": {"action_time": "2025-02-13T13:32:16.277Z", "user": 2, "content_type": 8, "object_id": "1", "object_repr": "Sprint object (1)", "action_flag": 1, "change_message": "[{\"added\": {}}]"}}, {"model": "admin.logentry", "pk": 58, "fields": {"action_time": "2025-02-13T13:32:25.704Z", "user": 2, "content_type": 8, "object_id": "1", "object_repr": "Sprint object (1)", "action_flag": 3, "change_message": ""}}, {"model": "admin.logentry", "pk": 59, "fields": {"action_time": "2025-02-13T13:32:35.926Z", "user": 2, "content_type": 9, "object_id": "3", "object_repr": "Epic object (3)", "action_flag": 3, "change_message": ""}}, {"model": "admin.logentry", "pk": 60, "fields": {"action_time": "2025-02-13T13:32:35.926Z", "user": 2, "content_type": 9, "object_id": "2", "object_repr": "Epic object (2)", "action_flag": 3, "change_message": ""}}, {"model": "admin.logentry", "pk": 61, "fields": {"action_time": "2025-02-13T13:32:35.926Z", "user": 2, "content_type": 9, "object_id": "1", "object_repr": "Epic object (1)", "action_flag": 3, "change_message": ""}}, {"model": "admin.logentry", "pk": 62, "fields": {"action_time": "2025-02-13T13:54:26.573Z", "user": 2, "content_type": 8, "object_id": "7", "object_repr": "Sprint object (7)", "action_flag": 2, "change_message": "[{\"changed\": {\"fields\": [\"Name\"]}}]"}}, {"model": "admin.logentry", "pk": 63, "fields": {"action_time": "2025-02-13T13:54:34.196Z", "user": 2, "content_type": 8, "object_id": "6", "object_repr": "Sprint object (6)", "action_flag": 2, "change_message": "[{\"changed\": {\"fields\": [\"Name\"]}}]"}}, {"model": "admin.logentry", "pk": 64, "fields": {"action_time": "2025-02-13T13:54:40.176Z", "user": 2, "content_type": 8, "object_id": "5", "object_repr": "Sprint object (5)", "action_flag": 2, "change_message": "[{\"changed\": {\"fields\": [\"Name\"]}}]"}}, {"model": "admin.logentry", "pk": 65, "fields": {"action_time": "2025-02-13T13:54:46.473Z", "user": 2, "content_type": 8, "object_id": "4", "object_repr": "Sprint object (4)", "action_flag": 2, "change_message": "[{\"changed\": {\"fields\": [\"Name\"]}}]"}}, {"model": "admin.logentry", "pk": 66, "fields": {"action_time": "2025-02-13T13:54:53.124Z", "user": 2, "content_type": 8, "object_id": "3", "object_repr": "Sprint object (3)", "action_flag": 2, "change_message": "[{\"changed\": {\"fields\": [\"Name\"]}}]"}}, {"model": "admin.logentry", "pk": 67, "fields": {"action_time": "2025-02-13T13:55:02.172Z", "user": 2, "content_type": 8, "object_id": "2", "object_repr": "Sprint object (2)", "action_flag": 2, "change_message": "[{\"changed\": {\"fields\": [\"Name\"]}}]"}}, {"model": "admin.logentry", "pk": 68, "fields": {"action_time": "2025-02-13T13:59:14.768Z", "user": 2, "content_type": 8, "object_id": "5", "object_repr": "Sprint object (5)", "action_flag": 2, "change_message": "[{\"changed\": {\"fields\": [\"Tasks\"]}}]"}}, {"model": "admin.logentry", "pk": 69, "fields": {"action_time": "2025-02-13T13:59:40.221Z", "user": 2, "content_type": 8, "object_id": "5", "object_repr": "Sprint object (5)", "action_flag": 2, "change_message": "[{\"changed\": {\"fields\": [\"Tasks\"]}}]"}}, {"model": "admin.logentry", "pk": 70, "fields": {"action_time": "2025-02-14T12:31:39.336Z", "user": 2, "content_type": 7, "object_id": "14", "object_repr": "Task object (14)", "action_flag": 2, "change_message": "[]"}}, {"model": "admin.logentry", "pk": 71, "fields": {"action_time": "2025-02-14T12:31:48.878Z", "user": 2, "content_type": 7, "object_id": "13", "object_repr": "Task object (13)", "action_flag": 2, "change_message": "[]"}}, {"model": "admin.logentry", "pk": 72, "fields": {"action_time": "2025-02-14T12:31:53.518Z", "user": 2, "content_type": 7, "object_id": "13", "object_repr": "Task object (13)", "action_flag": 2, "change_message": "[]"}}, {"model": "admin.logentry", "pk": 73, "fields": {"action_time": "2025-02-14T12:32:33.988Z", "user": 2, "content_type": 7, "object_id": "1", "object_repr": "Task object (1)", "action_flag": 2, "change_message": "[]"}}, {"model": "admin.logentry", "pk": 74, "fields": {"action_time": "2025-02-14T12:32:40.214Z", "user": 2, "content_type": 7, "object_id": "2", "object_repr": "Task object (2)", "action_flag": 2, "change_message": "[]"}}, {"model": "admin.logentry", "pk": 75, "fields": {"action_time": "2025-02-14T12:32:44.279Z", "user": 2, "content_type": 7, "object_id": "3", "object_repr": "Task object (3)", "action_flag": 2, "change_message": "[]"}}, {"model": "admin.logentry", "pk": 76, "fields": {"action_time": "2025-02-14T12:36:45.670Z", "user": 2, "content_type": 7, "object_id": "11", "object_repr": "Task object (11)", "action_flag": 2, "change_message": "[]"}}, {"model": "admin.logentry", "pk": 77, "fields": {"action_time": "2025-02-14T12:38:37.390Z", "user": 2, "content_type": 7, "object_id": "12", "object_repr": "Task object (12)", "action_flag": 2, "change_message": "[]"}}, {"model": "admin.logentry", "pk": 78, "fields": {"action_time": "2025-02-14T12:38:44.452Z", "user": 2, "content_type": 7, "object_id": "11", "object_repr": "Task object (11)", "action_flag": 2, "change_message": "[]"}}, {"model": "admin.logentry", "pk": 79, "fields": {"action_time": "2025-02-14T12:44:41.596Z", "user": 2, "content_type": 7, "object_id": "2", "object_repr": "Task object (2)", "action_flag": 2, "change_message": "[]"}}, {"model": "admin.logentry", "pk": 80, "fields": {"action_time": "2025-02-14T12:54:25.556Z", "user": 2, "content_type": 7, "object_id": "10", "object_repr": "Task object (10)", "action_flag": 2, "change_message": "[{\"changed\": {\"fields\": [\"Due date\"]}}]"}}, {"model": "admin.logentry", "pk": 81, "fields": {"action_time": "2025-02-14T12:54:41.855Z", "user": 2, "content_type": 7, "object_id": "9", "object_repr": "Task object (9)", "action_flag": 2, "change_message": "[{\"changed\": {\"fields\": [\"Due date\", \"Owner\"]}}]"}}, {"model": "admin.logentry", "pk": 82, "fields": {"action_time": "2025-02-14T13:56:58.454Z", "user": 2, "content_type": 7, "object_id": "24", "object_repr": "Task object (24)", "action_flag": 1, "change_message": "[{\"added\": {}}]"}}, {"model": "admin.logentry", "pk": 83, "fields": {"action_time": "2025-02-14T13:57:10.079Z", "user": 2, "content_type": 7, "object_id": "24", "object_repr": "Task object (24)", "action_flag": 3, "change_message": ""}}, {"model": "admin.logentry", "pk": 84, "fields": {"action_time": "2025-02-14T14:15:15.787Z", "user": 2, "content_type": 7, "object_id": "27", "object_repr": "Task object (27)", "action_flag": 1, "change_message": "[{\"added\": {}}]"}}, {"model": "admin.logentry", "pk": 85, "fields": {"action_time": "2025-02-14T14:15:56.088Z", "user": 2, "content_type": 7, "object_id": "28", "object_repr": "Task object (28)", "action_flag": 1, "change_message": "[{\"added\": {}}]"}}, {"model": "admin.logentry", "pk": 86, "fields": {"action_time": "2025-02-14T14:19:15.799Z", "user": 2, "content_type": 7, "object_id": "29", "object_repr": "Task object (29)", "action_flag": 1, "change_message": "[{\"added\": {}}]"}}, {"model": "admin.logentry", "pk": 87, "fields": {"action_time": "2025-02-14T14:41:01.322Z", "user": 2, "content_type": 7, "object_id": "30", "object_repr": "Task object (30)", "action_flag": 1, "change_message": "[{\"added\": {}}]"}}, {"model": "admin.logentry", "pk": 88, "fields": {"action_time": "2025-02-14T14:41:21.679Z", "user": 2, "content_type": 7, "object_id": "29", "object_repr": "Task object (29)", "action_flag": 3, "change_message": ""}}, {"model": "admin.logentry", "pk": 89, "fields": {"action_time": "2025-02-14T14:41:21.679Z", "user": 2, "content_type": 7, "object_id": "28", "object_repr": "Task object (28)", "action_flag": 3, "change_message": ""}}, {"model": "admin.logentry", "pk": 90, "fields": {"action_time": "2025-02-14T14:41:21.679Z", "user": 2, "content_type": 7, "object_id": "27", "object_repr": "Task object (27)", "action_flag": 3, "change_message": ""}}, {"model": "admin.logentry", "pk": 91, "fields": {"action_time": "2025-02-14T14:54:41.081Z", "user": 2, "content_type": 7, "object_id": "30", "object_repr": "Task object (30)", "action_flag": 3, "change_message": ""}}, {"model": "admin.logentry", "pk": 92, "fields": {"action_time": "2025-02-14T14:55:09.298Z", "user": 2, "content_type": 7, "object_id": "6", "object_repr": "Task object (6)", "action_flag": 2, "change_message": "[]"}}, {"model": "admin.logentry", "pk": 93, "fields": {"action_time": "2025-02-14T14:55:17.051Z", "user": 2, "content_type": 7, "object_id": "8", "object_repr": "Task object (8)", "action_flag": 2, "change_message": "[]"}}, {"model": "admin.logentry", "pk": 94, "fields": {"action_time": "2025-02-14T14:55:22.963Z", "user": 2, "content_type": 7, "object_id": "7", "object_repr": "Task object (7)", "action_flag": 2, "change_message": "[]"}}, {"model": "admin.logentry", "pk": 95, "fields": {"action_time": "2025-02-14T15:25:32.038Z", "user": 2, "content_type": 8, "object_id": "9", "object_repr": "Sprint object (9)", "action_flag": 1, "change_message": "[{\"added\": {}}]"}}, {"model": "admin.logentry", "pk": 96, "fields": {"action_time": "2025-02-27T03:46:51.932Z", "user": 2, "content_type": 7, "object_id": "12", "object_repr": "Task object (12)", "action_flag": 2, "change_message": "[{\"changed\": {\"fields\": [\"Priority\", \"Due date\"]}}]"}}, {"model": "admin.logentry", "pk": 97, "fields": {"action_time": "2025-02-27T03:47:01.406Z", "user": 2, "content_type": 7, "object_id": "10", "object_repr": "Task object (10)", "action_flag": 2, "change_message": "[{\"changed\": {\"fields\": [\"Priority\"]}}]"}}, {"model": "admin.logentry", "pk": 98, "fields": {"action_time": "2025-02-27T03:47:10.568Z", "user": 2, "content_type": 7, "object_id": "7", "object_repr": "Task object (7)", "action_flag": 2, "change_message": "[{\"changed\": {\"fields\": [\"Priority\"]}}]"}}, {"model": "admin.logentry", "pk": 99, "fields": {"action_time": "2025-02-27T03:47:19.003Z", "user": 2, "content_type": 7, "object_id": "3", "object_repr": "Task object (3)", "action_flag": 2, "change_message": "[{\"changed\": {\"fields\": [\"Priority\"]}}]"}}, {"model": "admin.logentry", "pk": 100, "fields": {"action_time": "2025-02-27T03:47:42.371Z", "user": 2, "content_type": 7, "object_id": "2", "object_repr": "Task object (2)", "action_flag": 2, "change_message": "[{\"changed\": {\"fields\": [\"Owner\"]}}]"}}, {"model": "admin.logentry", "pk": 101, "fields": {"action_time": "2025-02-27T03:47:51.144Z", "user": 2, "content_type": 7, "object_id": "14", "object_repr": "Task object (14)", "action_flag": 2, "change_message": "[{\"changed\": {\"fields\": [\"Owner\"]}}]"}}, {"model": "admin.logentry", "pk": 102, "fields": {"action_time": "2025-02-27T03:48:03.839Z", "user": 2, "content_type": 7, "object_id": "11", "object_repr": "Task object (11)", "action_flag": 2, "change_message": "[{\"changed\": {\"fields\": [\"Owner\"]}}]"}}, {"model": "admin.logentry", "pk": 103, "fields": {"action_time": "2025-02-27T03:48:23.173Z", "user": 2, "content_type": 7, "object_id": "12", "object_repr": "Task object (12)", "action_flag": 2, "change_message": "[{\"changed\": {\"fields\": [\"Owner\"]}}]"}}, {"model": "admin.logentry", "pk": 104, "fields": {"action_time": "2025-03-06T02:11:10.253Z", "user": 2, "content_type": 7, "object_id": "35", "object_repr": "Task object (35)", "action_flag": 1, "change_message": "[{\"added\": {}}]"}}, {"model": "admin.logentry", "pk": 105, "fields": {"action_time": "2025-03-06T02:11:52.445Z", "user": 2, "content_type": 7, "object_id": "36", "object_repr": "Task object (36)", "action_flag": 1, "change_message": "[{\"added\": {}}]"}}, {"model": "admin.logentry", "pk": 106, "fields": {"action_time": "2025-03-06T02:12:32.827Z", "user": 2, "content_type": 7, "object_id": "8", "object_repr": "Task object (8)", "action_flag": 2, "change_message": "[{\"changed\": {\"fields\": [\"Status\", \"Due date\", \"Owner\", \"Epic\"]}}]"}}, {"model": "admin.logentry", "pk": 107, "fields": {"action_time": "2025-03-06T02:13:34.479Z", "user": 2, "content_type": 7, "object_id": "8", "object_repr": "Task object (8)", "action_flag": 2, "change_message": "[{\"changed\": {\"fields\": [\"Status\"]}}]"}}, {"model": "admin.logentry", "pk": 108, "fields": {"action_time": "2025-03-11T06:20:22.811Z", "user": 2, "content_type": 8, "object_id": "15", "object_repr": "Sprint object (15)", "action_flag": 3, "change_message": ""}}, {"model": "admin.logentry", "pk": 109, "fields": {"action_time": "2025-03-11T06:20:22.811Z", "user": 2, "content_type": 8, "object_id": "14", "object_repr": "Sprint object (14)", "action_flag": 3, "change_message": ""}}, {"model": "admin.logentry", "pk": 110, "fields": {"action_time": "2025-03-11T06:20:22.811Z", "user": 2, "content_type": 8, "object_id": "13", "object_repr": "Sprint object (13)", "action_flag": 3, "change_message": ""}}, {"model": "admin.logentry", "pk": 111, "fields": {"action_time": "2025-03-11T06:20:22.811Z", "user": 2, "content_type": 8, "object_id": "12", "object_repr": "Sprint object (12)", "action_flag": 3, "change_message": ""}}, {"model": "admin.logentry", "pk": 112, "fields": {"action_time": "2025-03-11T13:04:51.209Z", "user": 2, "content_type": 8, "object_id": "5", "object_repr": "Sprint object (5)", "action_flag": 2, "change_message": "[{\"changed\": {\"fields\": [\"Tasks\"]}}]"}}, {"model": "admin.logentry", "pk": 113, "fields": {"action_time": "2025-03-11T13:05:07.224Z", "user": 2, "content_type": 8, "object_id": "4", "object_repr": "Sprint object (4)", "action_flag": 2, "change_message": "[{\"changed\": {\"fields\": [\"Tasks\"]}}]"}}, {"model": "admin.logentry", "pk": 114, "fields": {"action_time": "2025-03-11T13:05:15.264Z", "user": 2, "content_type": 8, "object_id": "9", "object_repr": "Sprint object (9)", "action_flag": 2, "change_message": "[{\"changed\": {\"fields\": [\"Tasks\"]}}]"}}, {"model": "admin.logentry", "pk": 115, "fields": {"action_time": "2025-03-18T13:12:11.137Z", "user": 2, "content_type": 4, "object_id": "5", "object_repr": "siddhesh16", "action_flag": 3, "change_message": ""}}, {"model": "admin.logentry", "pk": 116, "fields": {"action_time": "2025-03-19T15:00:17.527Z", "user": 2, "content_type": 4, "object_id": "6", "object_repr": "amanlad", "action_flag": 2, "change_message": "[{\"changed\": {\"fields\": [\"password\"]}}]"}}, {"model": "admin.logentry", "pk": 117, "fields": {"action_time": "2025-03-21T11:13:18.590Z", "user": 2, "content_type": 4, "object_id": "6", "object_repr": "amanlad", "action_flag": 2, "change_message": "[{\"changed\": {\"fields\": [\"Email address\"]}}]"}}, {"model": "admin.logentry", "pk": 118, "fields": {"action_time": "2025-03-21T13:58:35.376Z", "user": 2, "content_type": 8, "object_id": "17", "object_repr": "Sprint object (17)", "action_flag": 1, "change_message": "[{\"added\": {}}]"}}, {"model": "admin.logentry", "pk": 119, "fields": {"action_time": "2025-03-21T15:07:25.637Z", "user": 2, "content_type": 3, "object_id": "4", "object_repr": "Creator", "action_flag": 2, "change_message": "[{\"changed\": {\"fields\": [\"Permissions\"]}}]"}}, {"model": "admin.logentry", "pk": 120, "fields": {"action_time": "2025-03-21T15:07:55.166Z", "user": 2, "content_type": 3, "object_id": "5", "object_repr": "Editor", "action_flag": 2, "change_message": "[{\"changed\": {\"fields\": [\"Permissions\"]}}]"}}, {"model": "admin.logentry", "pk": 121, "fields": {"action_time": "2025-03-22T03:13:52.260Z", "user": 2, "content_type": 4, "object_id": "11", "object_repr": "ajay", "action_flag": 3, "change_message": ""}}, {"model": "admin.logentry", "pk": 122, "fields": {"action_time": "2025-03-22T03:13:52.260Z", "user": 2, "content_type": 4, "object_id": "8", "object_repr": "ajit", "action_flag": 3, "change_message": ""}}, {"model": "admin.logentry", "pk": 123, "fields": {"action_time": "2025-03-22T03:13:52.260Z", "user": 2, "content_type": 4, "object_id": "9", "object_repr": "ajit@12", "action_flag": 3, "change_message": ""}}, {"model": "admin.logentry", "pk": 124, "fields": {"action_time": "2025-03-22T03:13:52.260Z", "user": 2, "content_type": 4, "object_id": "7", "object_repr": "amanlad12", "action_flag": 3, "change_message": ""}}, {"model": "admin.logentry", "pk": 125, "fields": {"action_time": "2025-03-22T03:13:52.260Z", "user": 2, "content_type": 4, "object_id": "12", "object_repr": "aniket", "action_flag": 3, "change_message": ""}}, {"model": "admin.logentry", "pk": 126, "fields": {"action_time": "2025-03-22T03:13:52.260Z", "user": 2, "content_type": 4, "object_id": "13", "object_repr": "aniket123", "action_flag": 3, "change_message": ""}}, {"model": "admin.logentry", "pk": 127, "fields": {"action_time": "2025-03-22T03:13:52.260Z", "user": 2, "content_type": 4, "object_id": "10", "object_repr": "jay", "action_flag": 3, "change_message": ""}}, {"model": "admin.logentry", "pk": 128, "fields": {"action_time": "2025-03-22T05:37:44.945Z", "user": 2, "content_type": 3, "object_id": "5", "object_repr": "Editor", "action_flag": 2, "change_message": "[{\"changed\": {\"fields\": [\"Permissions\"]}}]"}}, {"model": "admin.logentry", "pk": 129, "fields": {"action_time": "2025-03-22T05:38:15.167Z", "user": 2, "content_type": 3, "object_id": "6", "object_repr": "Admin", "action_flag": 2, "change_message": "[]"}}, {"model": "admin.logentry", "pk": 130, "fields": {"action_time": "2025-03-22T14:20:08.813Z", "user": 2, "content_type": 8, "object_id": "5", "object_repr": "Sprint object (5)", "action_flag": 2, "change_message": "[{\"changed\": {\"fields\": [\"End date\"]}}]"}}, {"model": "admin.logentry", "pk": 131, "fields": {"action_time": "2025-03-22T14:20:19.191Z", "user": 2, "content_type": 8, "object_id": "5", "object_repr": "Sprint object (5)", "action_flag": 2, "change_message": "[]"}}, {"model": "admin.logentry", "pk": 132, "fields": {"action_time": "2025-03-23T04:58:30.823Z", "user": 2, "content_type": 4, "object_id": "1", "object_repr": "developer", "action_flag": 2, "change_message": "[{\"changed\": {\"fields\": [\"Groups\"]}}]"}}, {"model": "admin.logentry", "pk": 133, "fields": {"action_time": "2025-03-23T05:05:38.711Z", "user": 2, "content_type": 3, "object_id": "6", "object_repr": "Admin", "action_flag": 2, "change_message": "[]"}}, {"model": "admin.logentry", "pk": 134, "fields": {"action_time": "2025-03-23T05:30:04.764Z", "user": 2, "content_type": 4, "object_id": "6", "object_repr": "amanlad", "action_flag": 2, "change_message": "[{\"changed\": {\"fields\": [\"Groups\"]}}]"}}, {"model": "admin.logentry", "pk": 135, "fields": {"action_time": "2025-03-23T05:32:38.989Z", "user": 2, "content_type": 4, "object_id": "14", "object_repr": "jay_creator", "action_flag": 1, "change_message": "[{\"added\": {}}]"}}, {"model": "admin.logentry", "pk": 136, "fields": {"action_time": "2025-03-23T05:33:01.617Z", "user": 2, "content_type": 4, "object_id": "14", "object_repr": "jay_creator", "action_flag": 2, "change_message": "[{\"changed\": {\"fields\": [\"Groups\", \"User permissions\"]}}]"}}, {"model": "admin.logentry", "pk": 137, "fields": {"action_time": "2025-03-23T05:34:27.028Z", "user": 2, "content_type": 4, "object_id": "14", "object_repr": "jay_creator", "action_flag": 2, "change_message": "[]"}}, {"model": "admin.logentry", "pk": 138, "fields": {"action_time": "2025-03-23T05:34:39.583Z", "user": 2, "content_type": 3, "object_id": "4", "object_repr": "Creator", "action_flag": 2, "change_message": "[]"}}, {"model": "admin.logentry", "pk": 139, "fields": {"action_time": "2025-03-23T05:43:22.641Z", "user": 2, "content_type": 4, "object_id": "6", "object_repr": "amanlad", "action_flag": 2, "change_message": "[{\"changed\": {\"fields\": [\"User permissions\"]}}]"}}, {"model": "admin.logentry", "pk": 140, "fields": {"action_time": "2025-03-23T06:19:58.713Z", "user": 2, "content_type": 3, "object_id": "2", "object_repr": "TaskAdmins", "action_flag": 2, "change_message": "[]"}}, {"model": "admin.logentry", "pk": 141, "fields": {"action_time": "2025-03-23T08:25:40.282Z", "user": 2, "content_type": 3, "object_id": "4", "object_repr": "Creator", "action_flag": 2, "change_message": "[{\"changed\": {\"fields\": [\"Permissions\"]}}]"}}, {"model": "admin.logentry", "pk": 142, "fields": {"action_time": "2025-03-24T02:31:16.158Z", "user": 2, "content_type": 4, "object_id": "4", "object_repr": "User2", "action_flag": 2, "change_message": "[]"}}, {"model": "admin.logentry", "pk": 143, "fields": {"action_time": "2025-03-24T02:31:40.576Z", "user": 2, "content_type": 4, "object_id": "4", "object_repr": "User2", "action_flag": 2, "change_message": "[{\"changed\": {\"fields\": [\"User permissions\"]}}]"}}, {"model": "admin.logentry", "pk": 144, "fields": {"action_time": "2025-03-24T02:33:02.670Z", "user": 2, "content_type": 4, "object_id": "4", "object_repr": "User2", "action_flag": 2, "change_message": "[{\"changed\": {\"fields\": [\"password\"]}}]"}}, {"model": "admin.logentry", "pk": 145, "fields": {"action_time": "2025-03-24T02:59:00.784Z", "user": 2, "content_type": 4, "object_id": "4", "object_repr": "User2", "action_flag": 2, "change_message": "[{\"changed\": {\"fields\": [\"Groups\"]}}]"}}, {"model": "admin.logentry", "pk": 146, "fields": {"action_time": "2025-03-24T02:59:16.941Z", "user": 2, "content_type": 4, "object_id": "14", "object_repr": "jay_creator", "action_flag": 2, "change_message": "[{\"changed\": {\"fields\": [\"Groups\"]}}]"}}, {"model": "admin.logentry", "pk": 147, "fields": {"action_time": "2025-03-24T02:59:56.706Z", "user": 2, "content_type": 4, "object_id": "14", "object_repr": "jay_creator", "action_flag": 2, "change_message": "[]"}}, {"model": "admin.logentry", "pk": 148, "fields": {"action_time": "2025-03-24T03:01:16.551Z", "user": 2, "content_type": 4, "object_id": "14", "object_repr": "jay_creator", "action_flag": 2, "change_message": "[{\"changed\": {\"fields\": [\"User permissions\"]}}]"}}, {"model": "admin.logentry", "pk": 149, "fields": {"action_time": "2025-03-24T03:02:43.288Z", "user": 2, "content_type": 4, "object_id": "14", "object_repr": "jay_editor", "action_flag": 2, "change_message": "[{\"changed\": {\"fields\": [\"Username\"]}}]"}}, {"model": "admin.logentry", "pk": 150, "fields": {"action_time": "2025-03-24T03:17:19.478Z", "user": 2, "content_type": 7, "object_id": "11", "object_repr": "Task object (11)", "action_flag": 2, "change_message": "[{\"changed\": {\"fields\": [\"Owner\"]}}]"}}, {"model": "admin.logentry", "pk": 151, "fields": {"action_time": "2025-03-24T03:20:02.726Z", "user": 2, "content_type": 4, "object_id": "6", "object_repr": "amanlad", "action_flag": 2, "change_message": "[{\"changed\": {\"fields\": [\"Groups\", \"User permissions\"]}}]"}}, {"model": "admin.logentry", "pk": 152, "fields": {"action_time": "2025-03-24T03:22:02.703Z", "user": 2, "content_type": 7, "object_id": "8", "object_repr": "Task object (8)", "action_flag": 2, "change_message": "[{\"changed\": {\"fields\": [\"Creator\"]}}]"}}, {"model": "admin.logentry", "pk": 153, "fields": {"action_time": "2025-03-24T03:22:21.334Z", "user": 2, "content_type": 7, "object_id": "8", "object_repr": "Task object (8)", "action_flag": 2, "change_message": "[]"}}, {"model": "admin.logentry", "pk": 154, "fields": {"action_time": "2025-03-24T03:25:10.716Z", "user": 2, "content_type": 7, "object_id": "8", "object_repr": "Task object (8)", "action_flag": 2, "change_message": "[]"}}, {"model": "admin.logentry", "pk": 155, "fields": {"action_time": "2025-03-29T14:50:57.727Z", "user": 2, "content_type": 3, "object_id": "6", "object_repr": "Admin", "action_flag": 2, "change_message": "[]"}}, {"model": "admin.logentry", "pk": 156, "fields": {"action_time": "2025-03-29T14:57:57.048Z", "user": 2, "content_type": 3, "object_id": "4", "object_repr": "Creator", "action_flag": 2, "change_message": "[]"}}, {"model": "admin.logentry", "pk": 157, "fields": {"action_time": "2025-03-31T13:18:35.131Z", "user": 2, "content_type": 12, "object_id": "1", "object_repr": "OpenAI Inc.", "action_flag": 2, "change_message": "[{\"changed\": {\"fields\": [\"Name\"]}}]"}}, {"model": "admin.logentry", "pk": 158, "fields": {"action_time": "2025-03-31T13:18:46.746Z", "user": 2, "content_type": 12, "object_id": "2", "object_repr": "Tech Innovators Ltd.", "action_flag": 1, "change_message": "[{\"added\": {}}]"}}, {"model": "admin.logentry", "pk": 159, "fields": {"action_time": "2025-03-31T13:18:56.473Z", "user": 2, "content_type": 12, "object_id": "3", "object_repr": "Marketing Team", "action_flag": 1, "change_message": "[{\"added\": {}}]"}}, {"model": "admin.logentry", "pk": 160, "fields": {"action_time": "2025-03-31T13:19:10.517Z", "user": 2, "content_type": 12, "object_id": "4", "object_repr": "CloudSync Solutions", "action_flag": 1, "change_message": "[{\"added\": {}}]"}}, {"model": "admin.logentry", "pk": 161, "fields": {"action_time": "2025-03-31T13:19:20.697Z", "user": 2, "content_type": 12, "object_id": "5", "object_repr": "Harvard Research Lab", "action_flag": 1, "change_message": "[{\"added\": {}}]"}}, {"model": "admin.logentry", "pk": 162, "fields": {"action_time": "2025-03-31T14:43:58.388Z", "user": 2, "content_type": 13, "object_id": "7", "object_repr": "jay", "action_flag": 1, "change_message": "[{\"added\": {}}]"}}, {"model": "admin.logentry", "pk": 163, "fields": {"action_time": "2025-04-01T01:37:00.900Z", "user": 2, "content_type": 13, "object_id": "8", "object_repr": "user_editor", "action_flag": 1, "change_message": "[{\"added\": {}}]"}}, {"model": "admin.logentry", "pk": 164, "fields": {"action_time": "2025-04-01T02:44:56.826Z", "user": 2, "content_type": 8, "object_id": "2", "object_repr": "Sprint object (2)", "action_flag": 3, "change_message": ""}}, {"model": "admin.logentry", "pk": 165, "fields": {"action_time": "2025-04-01T02:45:27.400Z", "user": 2, "content_type": 7, "object_id": "10", "object_repr": "Task object (10)", "action_flag": 3, "change_message": ""}}, {"model": "admin.logentry", "pk": 166, "fields": {"action_time": "2025-04-01T02:45:27.400Z", "user": 2, "content_type": 7, "object_id": "9", "object_repr": "Task object (9)", "action_flag": 3, "change_message": ""}}, {"model": "admin.logentry", "pk": 167, "fields": {"action_time": "2025-04-01T12:39:18.350Z", "user": 2, "content_type": 12, "object_id": "5", "object_repr": "Harvard Research Lab", "action_flag": 2, "change_message": "[]"}}, {"model": "admin.logentry", "pk": 168, "fields": {"action_time": "2025-04-01T13:20:46.022Z", "user": 2, "content_type": 13, "object_id": "2", "object_repr": "siddhesh", "action_flag": 2, "change_message": "[]"}}, {"model": "admin.logentry", "pk": 169, "fields": {"action_time": "2025-04-01T13:22:10.138Z", "user": 2, "content_type": 13, "object_id": "7", "object_repr": "jay", "action_flag": 2, "change_message": "[{\"changed\": {\"fields\": [\"Groups\"]}}]"}}, {"model": "admin.logentry", "pk": 170, "fields": {"action_time": "2025-04-02T03:07:51.669Z", "user": 2, "content_type": 8, "object_id": "34", "object_repr": "Sprint object (34)", "action_flag": 3, "change_message": ""}}, {"model": "admin.logentry", "pk": 171, "fields": {"action_time": "2025-04-02T03:07:51.669Z", "user": 2, "content_type": 8, "object_id": "33", "object_repr": "Sprint object (33)", "action_flag": 3, "change_message": ""}}, {"model": "admin.logentry", "pk": 172, "fields": {"action_time": "2025-04-02T03:07:51.669Z", "user": 2, "content_type": 8, "object_id": "32", "object_repr": "Sprint object (32)", "action_flag": 3, "change_message": ""}}, {"model": "admin.logentry", "pk": 173, "fields": {"action_time": "2025-04-02T03:07:51.669Z", "user": 2, "content_type": 8, "object_id": "17", "object_repr": "Sprint object (17)", "action_flag": 3, "change_message": ""}}, {"model": "admin.logentry", "pk": 174, "fields": {"action_time": "2025-04-02T03:08:01.207Z", "user": 2, "content_type": 8, "object_id": "11", "object_repr": "Sprint object (11)", "action_flag": 3, "change_message": ""}}, {"model": "admin.logentry", "pk": 175, "fields": {"action_time": "2025-04-02T03:08:22.131Z", "user": 2, "content_type": 8, "object_id": "7", "object_repr": "Sprint object (7)", "action_flag": 2, "change_message": "[{\"changed\": {\"fields\": [\"Tasks\"]}}]"}}, {"model": "admin.logentry", "pk": 176, "fields": {"action_time": "2025-04-02T03:11:21.548Z", "user": 2, "content_type": 8, "object_id": "7", "object_repr": "Sprint object (7)", "action_flag": 2, "change_message": "[{\"changed\": {\"fields\": [\"Start date\", \"End date\", \"Tasks\"]}}]"}}, {"model": "admin.logentry", "pk": 177, "fields": {"action_time": "2025-04-02T03:18:03.323Z", "user": 2, "content_type": 7, "object_id": "11", "object_repr": "Task object (11)", "action_flag": 2, "change_message": "[{\"changed\": {\"fields\": [\"Due date\", \"Owner\"]}}]"}}, {"model": "admin.logentry", "pk": 178, "fields": {"action_time": "2025-04-02T03:18:48.951Z", "user": 2, "content_type": 8, "object_id": "5", "object_repr": "Sprint object (5)", "action_flag": 2, "change_message": "[{\"changed\": {\"fields\": [\"Start date\", \"End date\", \"Tasks\"]}}]"}}, {"model": "admin.logentry", "pk": 179, "fields": {"action_time": "2025-04-02T03:19:27.001Z", "user": 2, "content_type": 8, "object_id": "5", "object_repr": "Sprint object (5)", "action_flag": 2, "change_message": "[{\"changed\": {\"fields\": [\"Start date\"]}}]"}}, {"model": "admin.logentry", "pk": 180, "fields": {"action_time": "2025-04-02T03:19:39.674Z", "user": 2, "content_type": 8, "object_id": "7", "object_repr": "Sprint object (7)", "action_flag": 2, "change_message": "[{\"changed\": {\"fields\": [\"Tasks\"]}}]"}}, {"model": "admin.logentry", "pk": 181, "fields": {"action_time": "2025-04-03T02:30:20.889Z", "user": 2, "content_type": 13, "object_id": "2", "object_repr": "siddhesh", "action_flag": 2, "change_message": "[{\"changed\": {\"fields\": [\"Groups\"]}}]"}}, {"model": "admin.logentry", "pk": 182, "fields": {"action_time": "2025-04-03T02:30:38.425Z", "user": 2, "content_type": 13, "object_id": "2", "object_repr": "siddhesh", "action_flag": 2, "change_message": "[{\"changed\": {\"fields\": [\"Groups\"]}}]"}}, {"model": "admin.logentry", "pk": 183, "fields": {"action_time": "2025-04-03T02:31:28.418Z", "user": 2, "content_type": 13, "object_id": "2", "object_repr": "siddhesh", "action_flag": 2, "change_message": "[{\"changed\": {\"fields\": [\"User permissions\"]}}]"}}, {"model": "admin.logentry", "pk": 184, "fields": {"action_time": "2025-04-03T02:31:59.700Z", "user": 2, "content_type": 7, "object_id": "11", "object_repr": "Task object (11)", "action_flag": 2, "change_message": "[{\"changed\": {\"fields\": [\"Creator\"]}}]"}}, {"model": "admin.logentry", "pk": 185, "fields": {"action_time": "2025-04-03T02:43:54.896Z", "user": 2, "content_type": 7, "object_id": "1", "object_repr": "Task object (1)", "action_flag": 2, "change_message": "[{\"changed\": {\"fields\": [\"Creator\", \"Owner\"]}}]"}}, {"model": "admin.logentry", "pk": 186, "fields": {"action_time": "2025-04-03T02:44:15.258Z", "user": 2, "content_type": 7, "object_id": "14", "object_repr": "Task object (14)", "action_flag": 2, "change_message": "[{\"changed\": {\"fields\": [\"Creator\"]}}]"}}, {"model": "admin.logentry", "pk": 187, "fields": {"action_time": "2025-04-03T02:45:18.843Z", "user": 2, "content_type": 7, "object_id": "7", "object_repr": "Task object (7)", "action_flag": 2, "change_message": "[{\"changed\": {\"fields\": [\"Creator\", \"Owner\"]}}]"}}, {"model": "admin.logentry", "pk": 188, "fields": {"action_time": "2025-04-03T02:45:48.403Z", "user": 2, "content_type": 13, "object_id": "9", "object_repr": "creator", "action_flag": 2, "change_message": "[{\"changed\": {\"fields\": [\"Groups\"]}}]"}}, {"model": "admin.logentry", "pk": 189, "fields": {"action_time": "2025-04-03T03:08:30.491Z", "user": 2, "content_type": 13, "object_id": "4", "object_repr": "amanlad", "action_flag": 2, "change_message": "[{\"changed\": {\"fields\": [\"password\"]}}]"}}, {"model": "admin.logentry", "pk": 190, "fields": {"action_time": "2025-04-03T03:08:47.299Z", "user": 2, "content_type": 13, "object_id": "4", "object_repr": "amanlad", "action_flag": 2, "change_message": "[{\"changed\": {\"fields\": [\"Groups\"]}}]"}}, {"model": "admin.logentry", "pk": 191, "fields": {"action_time": "2025-04-03T03:14:32.831Z", "user": 2, "content_type": 13, "object_id": "7", "object_repr": "jay", "action_flag": 2, "change_message": "[{\"changed\": {\"fields\": [\"password\"]}}]"}}, {"model": "admin.logentry", "pk": 192, "fields": {"action_time": "2025-04-03T11:25:28.144Z", "user": 2, "content_type": 13, "object_id": "4", "object_repr": "amanlad", "action_flag": 2, "change_message": "[{\"changed\": {\"fields\": [\"First name\"]}}]"}}, {"model": "admin.logentry", "pk": 193, "fields": {"action_time": "2025-04-03T11:25:36.611Z", "user": 2, "content_type": 13, "object_id": "4", "object_repr": "amanlad", "action_flag": 2, "change_message": "[]"}}, {"model": "admin.logentry", "pk": 194, "fields": {"action_time": "2025-04-03T13:17:40.631Z", "user": 2, "content_type": 13, "object_id": "4", "object_repr": "amanlad", "action_flag": 2, "change_message": "[{\"changed\": {\"fields\": [\"User permissions\"]}}]"}}, {"model": "admin.logentry", "pk": 195, "fields": {"action_time": "2025-04-03T13:17:58.212Z", "user": 2, "content_type": 13, "object_id": "4", "object_repr": "amanlad", "action_flag": 2, "change_message": "[]"}}, {"model": "admin.logentry", "pk": 196, "fields": {"action_time": "2025-04-03T13:25:21.618Z", "user": 2, "content_type": 13, "object_id": "47", "object_repr": "creator12", "action_flag": 3, "change_message": ""}}, {"model": "admin.logentry", "pk": 197, "fields": {"action_time": "2025-04-03T13:25:21.618Z", "user": 2, "content_type": 13, "object_id": "44", "object_repr": "new", "action_flag": 3, "change_message": ""}}, {"model": "admin.logentry", "pk": 198, "fields": {"action_time": "2025-04-03T13:25:21.618Z", "user": 2, "content_type": 13, "object_id": "10", "object_repr": "new_user", "action_flag": 3, "change_message": ""}}, {"model": "admin.logentry", "pk": 199, "fields": {"action_time": "2025-04-03T13:25:21.618Z", "user": 2, "content_type": 13, "object_id": "45", "object_repr": "sample", "action_flag": 3, "change_message": ""}}, {"model": "admin.logentry", "pk": 200, "fields": {"action_time": "2025-04-03T13:25:21.618Z", "user": 2, "content_type": 13, "object_id": "46", "object_repr": "sample1", "action_flag": 3, "change_message": ""}}, {"model": "admin.logentry", "pk": 201, "fields": {"action_time": "2025-04-03T13:25:41.619Z", "user": 2, "content_type": 13, "object_id": "11", "object_repr": "aditya", "action_flag": 2, "change_message": "[{\"changed\": {\"fields\": [\"Groups\"]}}]"}}, {"model": "admin.logentry", "pk": 202, "fields": {"action_time": "2025-04-03T13:28:06.444Z", "user": 2, "content_type": 13, "object_id": "4", "object_repr": "amanlad", "action_flag": 2, "change_message": "[{\"changed\": {\"fields\": [\"password\"]}}]"}}, {"model": "admin.logentry", "pk": 203, "fields": {"action_time": "2025-04-03T13:44:52.169Z", "user": 2, "content_type": 13, "object_id": "11", "object_repr": "aditya", "action_flag": 2, "change_message": "[]"}}, {"model": "admin.logentry", "pk": 204, "fields": {"action_time": "2025-04-11T03:06:34.015Z", "user": 2, "content_type": 14, "object_id": "2", "object_repr": "AuthToken object (2)", "action_flag": 2, "change_message": "[]"}}, {"model": "admin.logentry", "pk": 205, "fields": {"action_time": "2025-04-11T03:09:03.232Z", "user": 2, "content_type": 14, "object_id": "1", "object_repr": "AuthToken object (1)", "action_flag": 2, "change_message": "[]"}}, {"model": "admin.logentry", "pk": 206, "fields": {"action_time": "2025-04-11T03:09:15.219Z", "user": 2, "content_type": 14, "object_id": "2", "object_repr": "AuthToken object (2)", "action_flag": 2, "change_message": "[]"}}, {"model": "admin.logentry", "pk": 212, "fields": {"action_time": "2025-04-13T11:11:58.266Z", "user": 2, "content_type": 13, "object_id": "48", "object_repr": "amit", "action_flag": 1, "change_message": "[{\"added\": {}}]"}}, {"model": "admin.logentry", "pk": 213, "fields": {"action_time": "2025-04-13T11:12:20.016Z", "user": 2, "content_type": 13, "object_id": "48", "object_repr": "amit", "action_flag": 2, "change_message": "[{\"changed\": {\"fields\": [\"Superuser status\"]}}]"}}, {"model": "admin.logentry", "pk": 214, "fields": {"action_time": "2025-04-13T11:12:42.869Z", "user": 2, "content_type": 7, "object_id": "63", "object_repr": "Task object (63)", "action_flag": 2, "change_message": "[{\"changed\": {\"fields\": [\"Owner\"]}}]"}}, {"model": "admin.logentry", "pk": 215, "fields": {"action_time": "2025-04-13T11:12:53.649Z", "user": 2, "content_type": 7, "object_id": "3", "object_repr": "Task object (3)", "action_flag": 2, "change_message": "[{\"changed\": {\"fields\": [\"Owner\"]}}]"}}, {"model": "admin.logentry", "pk": 247, "fields": {"action_time": "2025-04-14T02:41:03.323Z", "user": 2, "content_type": 7, "object_id": "6", "object_repr": "Task object (6)", "action_flag": 2, "change_message": "[{\"changed\": {\"fields\": [\"Creator\", \"Owner\"]}}]"}}, {"model": "auth.permission", "pk": 1, "fields": {"name": "Can add log entry", "content_type": 1, "codename": "add_logentry"}}, {"model": "auth.permission", "pk": 2, "fields": {"name": "Can change log entry", "content_type": 1, "codename": "change_logentry"}}, {"model": "auth.permission", "pk": 3, "fields": {"name": "Can delete log entry", "content_type": 1, "codename": "delete_logentry"}}, {"model": "auth.permission", "pk": 4, "fields": {"name": "Can view log entry", "content_type": 1, "codename": "view_logentry"}}, {"model": "auth.permission", "pk": 5, "fields": {"name": "Can add permission", "content_type": 2, "codename": "add_permission"}}, {"model": "auth.permission", "pk": 6, "fields": {"name": "Can change permission", "content_type": 2, "codename": "change_permission"}}, {"model": "auth.permission", "pk": 7, "fields": {"name": "Can delete permission", "content_type": 2, "codename": "delete_permission"}}, {"model": "auth.permission", "pk": 8, "fields": {"name": "Can view permission", "content_type": 2, "codename": "view_permission"}}, {"model": "auth.permission", "pk": 9, "fields": {"name": "Can add group", "content_type": 3, "codename": "add_group"}}, {"model": "auth.permission", "pk": 10, "fields": {"name": "Can change group", "content_type": 3, "codename": "change_group"}}, {"model": "auth.permission", "pk": 11, "fields": {"name": "Can delete group", "content_type": 3, "codename": "delete_group"}}, {"model": "auth.permission", "pk": 12, "fields": {"name": "Can view group", "content_type": 3, "codename": "view_group"}}, {"model": "auth.permission", "pk": 13, "fields": {"name": "Can add user", "content_type": 4, "codename": "add_user"}}, {"model": "auth.permission", "pk": 14, "fields": {"name": "Can change user", "content_type": 4, "codename": "change_user"}}, {"model": "auth.permission", "pk": 15, "fields": {"name": "Can delete user", "content_type": 4, "codename": "delete_user"}}, {"model": "auth.permission", "pk": 16, "fields": {"name": "Can view user", "content_type": 4, "codename": "view_user"}}, {"model": "auth.permission", "pk": 17, "fields": {"name": "Can add content type", "content_type": 5, "codename": "add_contenttype"}}, {"model": "auth.permission", "pk": 18, "fields": {"name": "Can change content type", "content_type": 5, "codename": "change_contenttype"}}, {"model": "auth.permission", "pk": 19, "fields": {"name": "Can delete content type", "content_type": 5, "codename": "delete_contenttype"}}, {"model": "auth.permission", "pk": 20, "fields": {"name": "Can view content type", "content_type": 5, "codename": "view_contenttype"}}, {"model": "auth.permission", "pk": 21, "fields": {"name": "Can add session", "content_type": 6, "codename": "add_session"}}, {"model": "auth.permission", "pk": 22, "fields": {"name": "Can change session", "content_type": 6, "codename": "change_session"}}, {"model": "auth.permission", "pk": 23, "fields": {"name": "Can delete session", "content_type": 6, "codename": "delete_session"}}, {"model": "auth.permission", "pk": 24, "fields": {"name": "Can view session", "content_type": 6, "codename": "view_session"}}, {"model": "auth.permission", "pk": 25, "fields": {"name": "Can add task", "content_type": 7, "codename": "add_task"}}, {"model": "auth.permission", "pk": 26, "fields": {"name": "Can change task", "content_type": 7, "codename": "change_task"}}, {"model": "auth.permission", "pk": 27, "fields": {"name": "Can delete task", "content_type": 7, "codename": "delete_task"}}, {"model": "auth.permission", "pk": 28, "fields": {"name": "Can view task", "content_type": 7, "codename": "view_task"}}, {"model": "auth.permission", "pk": 29, "fields": {"name": "Can add sprint", "content_type": 8, "codename": "add_sprint"}}, {"model": "auth.permission", "pk": 30, "fields": {"name": "Can change sprint", "content_type": 8, "codename": "change_sprint"}}, {"model": "auth.permission", "pk": 31, "fields": {"name": "Can delete sprint", "content_type": 8, "codename": "delete_sprint"}}, {"model": "auth.permission", "pk": 32, "fields": {"name": "Can view sprint", "content_type": 8, "codename": "view_sprint"}}, {"model": "auth.permission", "pk": 33, "fields": {"name": "Can add epic", "content_type": 9, "codename": "add_epic"}}, {"model": "auth.permission", "pk": 34, "fields": {"name": "Can change epic", "content_type": 9, "codename": "change_epic"}}, {"model": "auth.permission", "pk": 35, "fields": {"name": "Can delete epic", "content_type": 9, "codename": "delete_epic"}}, {"model": "auth.permission", "pk": 36, "fields": {"name": "Can view epic", "content_type": 9, "codename": "view_epic"}}, {"model": "auth.permission", "pk": 37, "fields": {"name": "Can add subscribed email", "content_type": 10, "codename": "add_subscribedemail"}}, {"model": "auth.permission", "pk": 38, "fields": {"name": "Can change subscribed email", "content_type": 10, "codename": "change_subscribedemail"}}, {"model": "auth.permission", "pk": 39, "fields": {"name": "Can delete subscribed email", "content_type": 10, "codename": "delete_subscribedemail"}}, {"model": "auth.permission", "pk": 40, "fields": {"name": "Can view subscribed email", "content_type": 10, "codename": "view_subscribedemail"}}, {"model": "auth.permission", "pk": 41, "fields": {"name": "Can add formsubmission", "content_type": 11, "codename": "add_formsubmission"}}, {"model": "auth.permission", "pk": 42, "fields": {"name": "Can change formsubmission", "content_type": 11, "codename": "change_formsubmission"}}, {"model": "auth.permission", "pk": 43, "fields": {"name": "Can delete formsubmission", "content_type": 11, "codename": "delete_formsubmission"}}, {"model": "auth.permission", "pk": 44, "fields": {"name": "Can view formsubmission", "content_type": 11, "codename": "view_formsubmission"}}, {"model": "auth.permission", "pk": 45, "fields": {"name": "Custom Task Permission", "content_type": 7, "codename": "custom_task"}}, {"model": "auth.permission", "pk": 46, "fields": {"name": "Can add organization", "content_type": 12, "codename": "add_organization"}}, {"model": "auth.permission", "pk": 47, "fields": {"name": "Can change organization", "content_type": 12, "codename": "change_organization"}}, {"model": "auth.permission", "pk": 48, "fields": {"name": "Can delete organization", "content_type": 12, "codename": "delete_organization"}}, {"model": "auth.permission", "pk": 49, "fields": {"name": "Can view organization", "content_type": 12, "codename": "view_organization"}}, {"model": "auth.permission", "pk": 50, "fields": {"name": "Can add task manager user", "content_type": 13, "codename": "add_taskmanageruser"}}, {"model": "auth.permission", "pk": 51, "fields": {"name": "Can change task manager user", "content_type": 13, "codename": "change_taskmanageruser"}}, {"model": "auth.permission", "pk": 52, "fields": {"name": "Can delete task manager user", "content_type": 13, "codename": "delete_taskmanageruser"}}, {"model": "auth.permission", "pk": 53, "fields": {"name": "Can view task manager user", "content_type": 13, "codename": "view_taskmanageruser"}}, {"model": "auth.permission", "pk": 54, "fields": {"name": "Can add auth token", "content_type": 14, "codename": "add_authtoken"}}, {"model": "auth.permission", "pk": 55, "fields": {"name": "Can change auth token", "content_type": 14, "codename": "change_authtoken"}}, {"model": "auth.permission", "pk": 56, "fields": {"name": "Can delete auth token", "content_type": 14, "codename": "delete_authtoken"}}, {"model": "auth.permission", "pk": 57, "fields": {"name": "Can view auth token", "content_type": 14, "codename": "view_authtoken"}}, {"model": "auth.group", "pk": 2, "fields": {"name": "TaskAdmins", "permissions": [25, 26, 27, 28]}}, {"model": "auth.group", "pk": 4, "fields": {"name": "Creator", "permissions": [25, 45, 28]}}, {"model": "auth.group", "pk": 5, "fields": {"name": "Editor", "permissions": [26, 28]}}, {"model": "auth.group", "pk": 6, "fields": {"name": "Admin", "permissions": [25, 26, 27, 28]}}, {"model": "contenttypes.contenttype", "pk": 1, "fields": {"app_label": "admin", "model": "logentry"}}, {"model": "contenttypes.contenttype", "pk": 2, "fields": {"app_label": "auth", "model": "permission"}}, {"model": "contenttypes.contenttype", "pk": 3, "fields": {"app_label": "auth", "model": "group"}}, {"model": "contenttypes.contenttype", "pk": 4, "fields": {"app_label": "auth", "model": "user"}}, {"model": "contenttypes.contenttype", "pk": 5, "fields": {"app_label": "contenttypes", "model": "contenttype"}}, {"model": "contenttypes.contenttype", "pk": 6, "fields": {"app_label": "sessions", "model": "session"}}, {"model": "contenttypes.contenttype", "pk": 7, "fields": {"app_label": "tasks", "model": "task"}}, {"model": "contenttypes.contenttype", "pk": 8, "fields": {"app_label": "tasks", "model": "sprint"}}, {"model": "contenttypes.contenttype", "pk": 9, "fields": {"app_label": "tasks", "model": "epic"}}, {"model": "contenttypes.contenttype", "pk": 10, "fields": {"app_label": "tasks", "model": "subscribedemail"}}, {"model": "contenttypes.contenttype", "pk": 11, "fields": {"app_label": "tasks", "model": "formsubmission"}}, {"model": "contenttypes.contenttype", "pk": 12, "fields": {"app_label": "accounts", "model": "organization"}}, {"model": "contenttypes.contenttype", "pk": 13, "fields": {"app_label": "accounts", "model": "taskmanageruser"}}, {"model": "contenttypes.contenttype", "pk": 14, "fields": {"app_label": "accounts", "model": "authtoken"}}, {"model": "sessions.session", "pk": "3wr8kyua0n5q69mamawssj7ezjvcijac", "fields": {"session_data": "e30:1tumbe:T-MDcDKbPyUWiuKFpZAHjgUzdkuMF0cGNEwXmmaznec", "expire_date": "2025-04-02T06:08:46.623Z"}}, {"model": "sessions.session", "pk": "ahbdcz6fxv9w81lei6oqbao7wpd1opej", "fields": {"session_data": ".eJxVjDsOwjAQRO_iGlnLZv2jpM8ZLNtrcADZUpxUiLuTSCmgGmnem3kLH9al-LXn2U8sLgLF6beLIT1z3QE_Qr03mVpd5inKXZEH7XJsnF_Xw_07KKGXbT1ECKji4IiZwFBAq1GB0eoWMxqTLKuBCMGRjgpc0nS2wM4CYdpSfL60TzZQ:1u49Zm:mAFiV7NMAT4l61h_SfBH5jlZGTDWKJSAeMTL3s9ddW8", "expire_date": "2025-04-28T02:29:34.468Z"}}, {"model": "tasks.epic", "pk": 4, "fields": {"name": "Improve User Experience", "description": "Enhance UI/UX across the application to boost user satisfaction.", "created_at": "2025-02-13T13:33:43.550Z", "updated_at": "2025-02-13T13:33:43.550Z", "creator": 2, "sprints": []}}, {"model": "tasks.epic", "pk": 5, "fields": {"name": "Optimize Performance", "description": "Improve application performance by optimizing queries and reducing response times.", "created_at": "2025-02-13T13:33:47.135Z", "updated_at": "2025-02-13T13:33:47.135Z", "creator": 2, "sprints": []}}, {"model": "tasks.epic", "pk": 6, "fields": {"name": "Integrate Payment Gateway", "description": "Add and integrate support for secure online payments.", "created_at": "2025-02-13T13:33:51.487Z", "updated_at": "2025-02-13T13:33:51.487Z", "creator": 2, "sprints": []}}, {"model": "tasks.epic", "pk": 7, "fields": {"name": "Automate Reports Generation", "description": "Build a system to automate the generation of analytical reports.", "created_at": "2025-02-13T13:36:01.695Z", "updated_at": "2025-02-13T13:36:01.695Z", "creator": 2, "sprints": []}}, {"model": "tasks.epic", "pk": 8, "fields": {"name": "Implement Security Features", "description": "Add enhanced security features like two-factor authentication and data encryption.", "created_at": "2025-02-13T13:36:06.092Z", "updated_at": "2025-02-13T13:36:06.092Z", "creator": 2, "sprints": []}}, {"model": "tasks.epic", "pk": 9, "fields": {"name": "Develop Mobile Application", "description": "Extend the platform by creating a mobile app.", "created_at": "2025-02-13T13:36:45.861Z", "updated_at": "2025-02-13T13:36:45.861Z", "creator": 2, "sprints": []}}, {"model": "tasks.task", "pk": 1, "fields": {"title": "Implement User Profile Picture Uploading", "description": "Desing and Implement a feature that allows users to upload, change, and delete their profile picture on their user account.", "status": "DONE", "priority": "LOW", "created_at": "2025-02-12T03:06:25.362Z", "updated_at": "2025-04-03T02:43:54.890Z", "due_date": "2025-02-19", "creator": 4, "owner": null, "epic": null, "file_upload": "", "image_upload": ""}}, {"model": "tasks.task", "pk": 3, "fields": {"title": "Implement User Profile Picture Uploading", "description": "Desing and Implement a feature that allows users to upload, change, and delete their profile picture on their user account.", "status": "ARCHIVED", "priority": "MEDIUM", "created_at": "2025-02-12T04:10:37.722Z", "updated_at": "2025-04-13T11:12:53.647Z", "due_date": "2025-02-19", "creator": 9, "owner": 4, "epic": null, "file_upload": "", "image_upload": ""}}, {"model": "tasks.task", "pk": 6, "fields": {"title": "Implement User Profile Picture Uploading", "description": "Desing and Implement a feature that allows users to upload, change, and delete their profile picture on their user account.", "status": "IN_PROGRESS", "priority": "LOW", "created_at": "2025-02-12T04:10:46.548Z", "updated_at": "2025-04-14T02:41:03.319Z", "due_date": "2025-02-19", "creator": 4, "owner": 4, "epic": null, "file_upload": "", "image_upload": ""}}, {"model": "tasks.task", "pk": 7, "fields": {"title": "Complete Documentation", "description": "Write comprehensive documentation for the project.", "status": "ARCHIVED", "priority": "MEDIUM", "created_at": "2025-02-12T06:18:59.072Z", "updated_at": "2025-04-03T02:45:18.841Z", "due_date": "2025-02-19", "creator": 2, "owner": null, "epic": null, "file_upload": "", "image_upload": ""}}, {"model": "tasks.task", "pk": 11, "fields": {"title": "Integrate Stripe for Payments", "description": "Add support for Stripe payments.", "status": "DONE", "priority": "LOW", "created_at": "2025-02-13T13:34:04.701Z", "updated_at": "2025-04-14T03:00:01.579Z", "due_date": "2025-04-06", "creator": 2, "owner": null, "epic": 6, "file_upload": "", "image_upload": ""}}, {"model": "tasks.task", "pk": 12, "fields": {"title": "Automate Monthly Reports", "description": "Develop scripts to generate monthly analytics reports automatically.", "status": "IN_PROGRESS", "priority": "HIGH", "created_at": "2025-02-13T13:36:50.249Z", "updated_at": "2025-04-13T10:40:13.991Z", "due_date": "2025-02-28", "creator": 2, "owner": 4, "epic": 7, "file_upload": "", "image_upload": ""}}, {"model": "tasks.task", "pk": 14, "fields": {"title": "Design Mobile UI", "description": "Create a clean and modern UI for the mobile application.", "status": "IN_PROGRESS", "priority": "LOW", "created_at": "2025-02-13T13:36:57.617Z", "updated_at": "2025-04-03T02:44:15.255Z", "due_date": "2025-02-20", "creator": 9, "owner": 4, "epic": 9, "file_upload": "", "image_upload": ""}}, {"model": "tasks.task", "pk": 35, "fields": {"title": "Design Database Schema", "description": "Define and create the database schema for the project. Ensure all relationships between models are clearly established and optimized for performance.", "status": "IN_PROGRESS", "priority": "MEDIUM", "created_at": "2025-03-06T02:11:10.219Z", "updated_at": "2025-04-02T03:15:07.650Z", "due_date": "2025-03-13", "creator": 9, "owner": 4, "epic": 4, "file_upload": "", "image_upload": ""}}, {"model": "tasks.task", "pk": 36, "fields": {"title": "Develop User Authentication Module", "description": "Implement the user login and registration functionality. Include features such as password reset, email verification, and role-based access control.", "status": "ARCHIVED", "priority": "LOW", "created_at": "2025-03-06T02:11:52.439Z", "updated_at": "2025-04-02T03:15:07.654Z", "due_date": "2025-03-10", "creator": 9, "owner": 4, "epic": 4, "file_upload": "", "image_upload": ""}}, {"model": "tasks.task", "pk": 60, "fields": {"title": "sample test to create task on sprint", "description": "This is task create om date 2 April to test the url \"     path('tasks/sprint/add/<int:sprint_id>/', create_task_on_sprint, name='task-add-to-sprint'),\r\n\" is working or not", "status": "UNASSIGNED", "priority": "LOW", "created_at": "2025-04-02T03:13:25.541Z", "updated_at": "2025-04-09T08:14:19.605Z", "due_date": "2025-04-09", "creator": 2, "owner": null, "epic": null, "file_upload": "", "image_upload": ""}}, {"model": "tasks.task", "pk": 63, "fields": {"title": "Alien Life Detection Algorithm Enhancement", "description": "Improve the existing algorithm used for detecting alien life on earth", "status": "UNASSIGNED", "priority": "LOW", "created_at": "2025-04-07T13:04:50.762Z", "updated_at": "2025-04-13T11:12:42.861Z", "due_date": "2025-04-14", "creator": 2, "owner": 2, "epic": null, "file_upload": "", "image_upload": ""}}, {"model": "tasks.task", "pk": 64, "fields": {"title": "sample task to check permission decorator.", "description": "sample task to check required_permission decorator is working or not.", "status": "UNASSIGNED", "priority": "LOW", "created_at": "2025-04-13T10:37:12.770Z", "updated_at": "2025-04-14T02:36:03.379Z", "due_date": "2025-04-20", "creator": 2, "owner": null, "epic": null, "file_upload": "", "image_upload": ""}}, {"model": "tasks.sprint", "pk": 3, "fields": {"name": "UX Improvements", "description": "Focus on improving the user interface.", "start_date": "2025-02-16", "end_date": "2025-02-28", "created_at": "2025-02-13T13:34:15.247Z", "updated_at": "2025-03-12T11:21:21.770Z", "creator": 2, "tasks": []}}, {"model": "tasks.sprint", "pk": 4, "fields": {"name": "Feature Development", "description": "Focus on new feature additions.", "start_date": "2025-03-01", "end_date": "2025-03-15", "created_at": "2025-02-13T13:34:19.135Z", "updated_at": "2025-03-11T13:05:07.218Z", "creator": 2, "tasks": [1, 12]}}, {"model": "tasks.sprint", "pk": 5, "fields": {"name": "Automation Tasks", "description": "Automate repetitive operations to improve efficiency.", "start_date": "2025-03-26", "end_date": "2025-04-18", "created_at": "2025-02-13T13:48:08.088Z", "updated_at": "2025-04-02T03:19:26.996Z", "creator": 2, "tasks": [11]}}, {"model": "tasks.sprint", "pk": 6, "fields": {"name": "Security Enhancements", "description": "Improve application security.", "start_date": "2025-02-11", "end_date": "2025-03-17", "created_at": "2025-02-13T13:48:12.778Z", "updated_at": "2025-03-11T06:07:59.849Z", "creator": 2, "tasks": []}}, {"model": "tasks.sprint", "pk": 7, "fields": {"name": "Mobile App Launch", "description": "Concentrate on developing and testing the mobile application.", "start_date": "2025-04-01", "end_date": "2025-04-18", "created_at": "2025-02-13T13:48:18.892Z", "updated_at": "2025-04-02T03:29:15.736Z", "creator": 2, "tasks": [11]}}, {"model": "tasks.sprint", "pk": 9, "fields": {"name": "sample sprint update", "description": "this sprint is updated at 11 march 2025 to check feature sprint update form is workin and fectching data from database", "start_date": "2025-02-14", "end_date": "2025-03-19", "created_at": "2025-02-14T15:25:32.021Z", "updated_at": "2025-03-12T06:08:52.171Z", "creator": 1, "tasks": [1]}}, {"model": "tasks.sprint", "pk": 16, "fields": {"name": "Launch Prep Sprint", "description": "Focused on preparing the application for the upcoming product launch by completing all critical tasks and addressing last-minute issues.", "start_date": "2025-03-10", "end_date": "2025-03-20", "created_at": "2025-03-11T04:10:42.237Z", "updated_at": "2025-04-02T04:32:16.618Z", "creator": 2, "tasks": []}}, {"model": "tasks.sprint", "pk": 35, "fields": {"name": "sample", "description": "sample", "start_date": "2025-04-02", "end_date": "2025-04-14", "created_at": "2025-04-02T04:38:17.986Z", "updated_at": "2025-04-02T04:38:17.986Z", "creator": 2, "tasks": []}}, {"model": "tasks.sprint", "pk": 36, "fields": {"name": "Mobile App Launch", "description": "sample", "start_date": "2025-04-06", "end_date": "2025-04-30", "created_at": "2025-04-06T06:09:12.739Z", "updated_at": "2025-04-06T06:09:16.452Z", "creator": 2, "tasks": []}}, {"model": "tasks.formsubmission", "pk": 1, "fields": {"uuid": "5f69d4db-0be8-48cc-af65-ea5efc3671f5"}}, {"model": "tasks.formsubmission", "pk": 3, "fields": {"uuid": "590efea5-095f-4780-935f-3f43370ea23c"}}, {"model": "tasks.formsubmission", "pk": 4, "fields": {"uuid": "7b081847-a99f-4a13-a237-2364e333777c"}}, {"model": "tasks.formsubmission", "pk": 5, "fields": {"uuid": "1538b7d5-3ba6-41ed-a614-2491a859e737"}}, {"model": "tasks.formsubmission", "pk": 6, "fields": {"uuid": "fffbd342-5bfe-4e7d-a196-3e677a7425c5"}}, {"model": "tasks.formsubmission", "pk": 7, "fields": {"uuid": "55c124b2-c5e2-44a1-939d-0ba92b43a4eb"}}, {"model": "tasks.formsubmission", "pk": 12, "fields": {"uuid": "87f484e5-d24c-4357-9cd7-474b590e302c"}}, {"model": "tasks.formsubmission", "pk": 13, "fields": {"uuid": "c85dd456-dddc-432b-9915-302910d5c9a6"}}, {"model": "tasks.formsubmission", "pk": 14, "fields": {"uuid": "28505b00-6366-49e1-b418-060bd53ea47b"}}, {"model": "tasks.formsubmission", "pk": 15, "fields": {"uuid": "b4dd493a-4803-4298-bcc5-6ac649526503"}}, {"model": "tasks.formsubmission", "pk": 16, "fields": {"uuid": "b2c7ed78-72d8-453f-b138-f450f13c53d9"}}, {"model": "tasks.formsubmission", "pk": 17, "fields": {"uuid": "0e6cc73e-9e67-4536-a517-1f4fb9985224"}}, {"model": "tasks.formsubmission", "pk": 18, "fields": {"uuid": "e2becded-9fdc-4319-a88d-a244cd6b3310"}}, {"model": "tasks.formsubmission", "pk": 22, "fields": {"uuid": "9ed6542f-d6b6-4272-8b7c-60f7c2b94fb9"}}, {"model": "tasks.formsubmission", "pk": 23, "fields": {"uuid": "549bdb33-9e6d-4acc-bdeb-0691b545383d"}}, {"model": "tasks.formsubmission", "pk": 25, "fields": {"uuid": "9c842655-025b-491d-b4f9-fc64e7ca59a2"}}, {"model": "tasks.formsubmission", "pk": 26, "fields": {"uuid": "d3ec848b-a583-4289-b11f-cfb4a94195ae"}}, {"model": "tasks.formsubmission", "pk": 27, "fields": {"uuid": "e6155f25-a61a-4ce4-b190-18a0951e475c"}}, {"model": "tasks.formsubmission", "pk": 28, "fields": {"uuid": "76613eba-be7c-4d96-94a5-f2f7f92a24f9"}}, {"model": "tasks.formsubmission", "pk": 29, "fields": {"uuid": "f3238c94-049c-49e0-99df-0db476440f16"}}, {"model": "tasks.formsubmission", "pk": 30, "fields": {"uuid": "32d08ba8-e993-4505-b3b0-2f063b11c212"}}, {"model": "tasks.formsubmission", "pk": 31, "fields": {"uuid": "e9e0653e-85c5-4095-bd0d-44ec3dd4bb9a"}}, {"model": "tasks.formsubmission", "pk": 33, "fields": {"uuid": "a1ab3194-a16c-4f39-b265-195a47d631e9"}}, {"model": "tasks.formsubmission", "pk": 34, "fields": {"uuid": "cc872e3c-1d63-423f-bce7-4c6657cb8112"}}, {"model": "tasks.formsubmission", "pk": 35, "fields": {"uuid": "1e6fa57e-299f-4561-a9c1-46e5b75e74fb"}}, {"model": "tasks.formsubmission", "pk": 37, "fields": {"uuid": "f80bdd4c-4956-4b35-8441-94f93728e620"}}, {"model": "tasks.formsubmission", "pk": 39, "fields": {"uuid": "880e5689-0636-44eb-ad84-badfae8ab751"}}, {"model": "tasks.formsubmission", "pk": 40, "fields": {"uuid": "9941a312-3241-4f30-9aff-54ed12655a78"}}, {"model": "tasks.formsubmission", "pk": 41, "fields": {"uuid": "04045249-a4ef-4775-b038-97a6ef9dc55c"}}, {"model": "tasks.formsubmission", "pk": 42, "fields": {"uuid": "fa4708e4-366a-4570-89cf-0cfbd2f1dc11"}}, {"model": "tasks.formsubmission", "pk": 43, "fields": {"uuid": "20370adc-274d-4fa6-acb2-6ec15a545321"}}, {"model": "tasks.formsubmission", "pk": 44, "fields": {"uuid": "d2b8a371-bc9e-46a1-9c32-e7e173e44860"}}, {"model": "tasks.formsubmission", "pk": 45, "fields": {"uuid": "5eec91f3-91a7-4cdc-bc8a-607532622039"}}, {"model": "tasks.formsubmission", "pk": 46, "fields": {"uuid": "18ae181e-7285-4faf-9b5d-8d524e7501ba"}}, {"model": "tasks.formsubmission", "pk": 79, "fields": {"uuid": "1980a9c9-c94a-4f8b-8c9d-67d7c1e83e21"}}, {"model": "tasks.formsubmission", "pk": 80, "fields": {"uuid": "ee93b14f-3dbb-487b-87a2-b284d63a274b"}}, {"model": "tasks.formsubmission", "pk": 81, "fields": {"uuid": "2beb490c-747b-44af-98e8-cdbbd45f7c2f"}}, {"model": "tasks.formsubmission", "pk": 82, "fields": {"uuid": "ff132944-a675-4ae3-b5e9-e64f4cbd191f"}}, {"model": "tasks.formsubmission", "pk": 83, "fields": {"uuid": "bb167955-21f9-45d5-96c9-297d3c590d1b"}}, {"model": "tasks.formsubmission", "pk": 84, "fields": {"uuid": "f46b2dfa-4d74-42b1-bad4-0c154177f6ba"}}, {"model": "tasks.formsubmission", "pk": 86, "fields": {"uuid": "b0cfba13-775b-4908-a343-25d5ae24da7b"}}, {"model": "tasks.formsubmission", "pk": 87, "fields": {"uuid": "1f65e465-36cd-4f57-b0c6-edb3e454849c"}}, {"model": "tasks.formsubmission", "pk": 88, "fields": {"uuid": "9095c97e-1d70-4627-acf5-3e285dcc228d"}}, {"model": "tasks.formsubmission", "pk": 89, "fields": {"uuid": "4577cac4-c66a-4d93-b44d-f251de8324ea"}}, {"model": "tasks.formsubmission", "pk": 90, "fields": {"uuid": "2323debc-1195-4d69-88af-bac93639616d"}}, {"model": "tasks.formsubmission", "pk": 91, "fields": {"uuid": "23e7743b-3971-4024-95d0-e6b517ed33a9"}}, {"model": "tasks.formsubmission", "pk": 92, "fields": {"uuid": "91150ece-ecd1-4f64-bf6d-65daa7ae6d8e"}}, {"model": "tasks.formsubmission", "pk": 93, "fields": {"uuid": "d48be30c-8a57-4150-baca-d5f072939193"}}, {"model": "tasks.formsubmission", "pk": 94, "fields": {"uuid": "e9fee3db-4652-4f9e-be0d-644d6b444cc9"}}, {"model": "tasks.formsubmission", "pk": 95, "fields": {"uuid": "19413421-881d-499a-8b45-eafd12f2c5a1"}}, {"model": "tasks.formsubmission", "pk": 96, "fields": {"uuid": "96c145e4-1631-4c7f-ad7b-836c943b2dba"}}, {"model": "tasks.formsubmission", "pk": 97, "fields": {"uuid": "ea4335c1-c832-47ee-83bd-e7a3e05b93e6"}}, {"model": "tasks.formsubmission", "pk": 98, "fields": {"uuid": "035b116a-978b-4e02-9949-32d81ca36992"}}, {"model": "tasks.formsubmission", "pk": 99, "fields": {"uuid": "518e3c56-6ada-40d0-b601-d9bc40091faf"}}, {"model": "tasks.formsubmission", "pk": 100, "fields": {"uuid": "9e1d5bd1-bf02-4df7-8961-edeaf78240e8"}}, {"model": "tasks.formsubmission", "pk": 101, "fields": {"uuid": "ac311c53-f6c4-4fba-bae7-cda3f84b691b"}}, {"model": "tasks.formsubmission", "pk": 102, "fields": {"uuid": "92cedfc5-a254-4910-8f01-af6c49bf482b"}}, {"model": "tasks.formsubmission", "pk": 103, "fields": {"uuid": "86bb2d52-4f98-41e2-913e-f5d814d847d7"}}, {"model": "tasks.formsubmission", "pk": 104, "fields": {"uuid": "d987d4bd-b4c8-41df-b550-0b6f04a748c4"}}, {"model": "tasks.formsubmission", "pk": 105, "fields": {"uuid": "dc42b71a-9709-41ab-a342-217aa95520d7"}}, {"model": "tasks.formsubmission", "pk": 106, "fields": {"uuid": "d7bfeeca-9a4e-4c21-9f7b-aecc04acff2f"}}, {"model": "tasks.formsubmission", "pk": 107, "fields": {"uuid": "66deed41-64b8-45b6-953d-9a48b1e5d4c6"}}, {"model": "tasks.formsubmission", "pk": 108, "fields": {"uuid": "fa9923fc-093f-4cea-9af4-c28686a0f543"}}, {"model": "accounts.organization", "pk": 1, "fields": {"name": "OpenAI Inc."}}, {"model": "accounts.organization", "pk": 2, "fields": {"name": "Tech Innovators Ltd."}}, {"model": "accounts.organization", "pk": 3, "fields": {"name": "Marketing Team"}}, {"model": "accounts.organization", "pk": 4, "fields": {"name": "CloudSync Solutions"}}, {"model": "accounts.organization", "pk": 5, "fields": {"name": "Harvard Research Lab"}}, {"model": "accounts.taskmanageruser", "pk": 2, "fields": {"password": "argon2$argon2id$v=19$m=102400,t=2,p=8$bVJnZ29sVmkwcXo5Ync2dElnRWRMUg$gluj1jZWWdrD1kAkSbz6Sev9YpfhGCdV7mMc6NbjrvE", "last_login": "2025-04-14T02:29:34.447Z", "is_superuser": true, "first_name": "", "last_name": "", "is_staff": true, "is_active": true, "date_joined": "2025-03-29T14:01:50Z", "organization": 1, "username": "siddhesh", "email": "siddeshparave16@gmail.com", "groups": [4, 5, 6], "user_permissions": [25, 26]}}, {"model": "accounts.taskmanageruser", "pk": 4, "fields": {"password": "argon2$argon2id$v=19$m=102400,t=2,p=8$dnpPY001RTFvUVExWWc0Y3ZQQm1ycg$908+3fI4cnysrx7NSCTGiXUpAjfOQ+N0oR5xtX/LVMg", "last_login": "2025-04-11T02:59:55.056Z", "is_superuser": false, "first_name": "Aman", "last_name": "", "is_staff": false, "is_active": true, "date_joined": "2025-03-31T12:41:20Z", "organization": 1, "username": "amanlad", "email": "amanlad@gmail.com", "groups": [5], "user_permissions": [25]}}, {"model": "accounts.taskmanageruser", "pk": 7, "fields": {"password": "argon2$argon2id$v=19$m=102400,t=2,p=8$aXB4MkpuS3MxazVvaGxwbU5Kbm55RA$eD0oDrbuGLzQ9AbxFwMpDebPpdSrhLhvMyAyU9x2PvQ", "last_login": null, "is_superuser": false, "first_name": "", "last_name": "", "is_staff": false, "is_active": true, "date_joined": "2025-03-31T14:43:58Z", "organization": 1, "username": "jay", "email": "jay@gmail.com", "groups": [4], "user_permissions": []}}, {"model": "accounts.taskmanageruser", "pk": 8, "fields": {"password": "pbkdf2_sha256$870000$5SvKYZyaZJKTNpPRQURSrt$7QCKqSK1TBC3RAkU/pN+gDXWjemiQAxw9DgVY9iFJFE=", "last_login": "2025-04-01T01:44:47.757Z", "is_superuser": false, "first_name": "", "last_name": "", "is_staff": false, "is_active": true, "date_joined": "2025-04-01T01:37:00.453Z", "organization": 1, "username": "user_editor", "email": "user_editor@gmail.com", "groups": [], "user_permissions": []}}, {"model": "accounts.taskmanageruser", "pk": 9, "fields": {"password": "pbkdf2_sha256$870000$Oa5b6eGc7IqfmjkNnA0d2W$LCO/s+cgIP50lVgYxCbzg7V8UOWs8MtQnVRRIdPvVVI=", "last_login": "2025-04-03T02:57:57.277Z", "is_superuser": false, "first_name": "", "last_name": "", "is_staff": false, "is_active": true, "date_joined": "2025-04-01T01:57:49Z", "organization": 2, "username": "creator", "email": "creator12@gmail.com", "groups": [4], "user_permissions": []}}, {"model": "accounts.taskmanageruser", "pk": 11, "fields": {"password": "argon2$argon2id$v=19$m=102400,t=2,p=8$bmRyZElYUlhXaGcycmtnelRRUmZSSg$Fmz9UKBX9gSLi1n2AKcq/nB2v6Hx7vtc5CYKW8cNcEo", "last_login": null, "is_superuser": false, "first_name": "", "last_name": "", "is_staff": false, "is_active": true, "date_joined": "2025-04-03T05:54:24Z", "organization": 1, "username": "aditya", "email": "aditya@gmail.com", "groups": [5], "user_permissions": []}}, {"model": "accounts.taskmanageruser", "pk": 48, "fields": {"password": "argon2$argon2id$v=19$m=102400,t=2,p=8$S1UzRGl0SlZ5Z2o4aWk5V1FibU1kag$iamVqnnNEisrozCRpfpYdcNM0LXLinvSTDmHVb3I0GY", "last_login": null, "is_superuser": true, "first_name": "", "last_name": "", "is_staff": false, "is_active": true, "date_joined": "2025-04-13T11:11:58Z", "organization": 1, "username": "amit", "email": "amit@gmail.com", "groups": [], "user_permissions": []}}, {"model": "accounts.authtoken", "pk": 1, "fields": {"token": "965f057e-a6ab-44cd-b346-a0990cf2f73e", "user": 2}}, {"model": "accounts.authtoken", "pk": 2, "fields": {"token": "e799148b-e8e0-48b3-9751-1bdf3b9c78ec", "user": 4}}]